FeedbackID,StudentID,CompanyID,InternshipID,Rating,Comments
1,14,87,30,4,Listen contain attack television tree draw newspaper.
2,4,80,72,3,Word region hard operation the land single.
3,79,29,83,1,Generation traditional option must fast raise.
4,82,60,90,3,Carry avoid within compare.
5,84,53,15,2,Include important within rule thousand matter song.
6,6,5,39,4,Article its product international car stand newspaper.
7,15,13,31,5,Consumer research local full.
8,18,50,59,3,Serve Democrat major bill state.
9,86,96,90,5,West short believe which raise brother issue.
10,54,76,96,2,Individual weight government general.
11,54,84,13,4,Reduce capital against wind major day different.
12,79,53,36,1,Increase wind reach do listen between around today.
13,89,48,28,4,Reason describe pass west summer authority.
14,57,31,47,1,Generation remember notice.
15,88,48,70,3,Story step through laugh.
16,8,51,36,2,Billion class result four including second dream decide.
17,16,59,12,2,American left pattern.
18,83,82,77,1,Sound forget write.
19,7,43,32,2,Hospital I purpose firm foreign report raise how.
20,73,27,9,5,Herself TV issue away.
21,27,76,28,2,Yeah agency analysis investment like.
22,43,100,19,5,Democratic car him recognize.
23,1,36,19,2,And woman mouth art at water note national.
24,70,33,23,1,Before stock design seek remember north success.
25,85,4,17,1,Drive think the decide around walk.
26,46,31,76,3,Summer rich consumer investment choice.
27,3,23,34,1,Top deep future everyone know.
28,17,95,54,5,Right red consider study.
29,15,96,9,4,Good case trial both old.
30,58,100,47,5,Fly big rather success you.
31,76,14,58,5,Seem compare throughout commercial.
32,29,79,6,5,Early meet forget ago need to style.
33,39,59,83,1,Explain suggest forget whom.
34,8,62,52,4,Agreement out chance eight turn.
35,88,14,63,4,To food son yard.
36,10,11,42,5,Hope actually western turn party.
37,19,9,17,3,Site follow action sound teacher unit small enjoy.
38,80,82,75,5,Cold organization else other anything what head.
39,92,42,49,5,Outside interesting environment most time above western.
40,68,38,59,5,More couple material here.
41,78,56,13,1,Probably newspaper call evening decision whom alone.
42,84,84,99,5,Among dream response newspaper center.
43,93,28,56,4,Skill official director do.
44,30,53,44,4,Officer they investment.
45,52,54,94,1,Our daughter network exactly trade close success.
46,41,55,41,3,Political beyond minute age until.
47,48,20,88,4,Discuss process term lawyer side together individual.
48,9,12,11,1,Similar house activity economy anyone try apply consumer.
49,56,13,96,3,Together miss price trouble safe anyone.
50,17,72,8,5,Knowledge step effect common.
51,72,72,43,1,Kitchen there than a.
52,53,46,86,4,What method pass west item start boy.
53,93,7,37,5,Form main record.
54,40,46,14,5,Couple mind account he something discover few.
55,65,28,20,4,Project laugh despite animal anything.
56,29,14,45,5,Executive small stage range yet must but.
57,48,15,98,3,Government full increase notice hope really.
58,74,29,55,5,New exactly national set.
59,99,80,79,5,Form seek how.
60,4,78,85,3,Fast program many statement seven present how.
61,4,24,35,3,Audience employee indicate if.
62,44,45,1,2,Realize glass close level night.
63,19,73,85,4,Enter research quite education discuss.
64,9,19,95,1,Seat science senior there hit use.
65,12,96,68,2,Most pass own allow.
66,49,54,59,3,Rest meeting suddenly federal different line deep.
67,21,48,40,3,Hand some responsibility if until.
68,100,73,77,1,Myself claim night relationship well.
69,7,20,21,5,Fill democratic action member.
70,7,87,11,3,Six official ball quickly base.
71,57,85,55,4,Already draw quality shake resource religious.
72,78,57,54,3,Participant mean dark reason chance.
73,28,97,66,1,Idea call mouth learn.
74,45,56,15,3,Father daughter wall baby become according.
75,87,87,76,4,Staff already budget offer institution popular either.
76,68,86,40,1,Home forget mention industry put high allow.
77,29,51,77,1,Experience drug various able agreement debate one.
78,1,27,39,2,Check able gun condition also girl.
79,99,18,98,3,Here though recognize chair affect seem.
80,38,42,16,1,Standard him would space few authority.
81,64,96,56,2,Cell institution indeed back physical science several box.
82,17,49,69,2,Arm into focus a right than.
83,65,72,86,3,Weight party people owner our general feel.
84,10,51,95,1,Reflect near around item ok speak.
85,56,3,59,1,Identify occur deep others.
86,41,74,55,5,That success company third mention.
87,52,91,82,4,Official while theory.
88,38,15,52,1,In research cold fund discussion price.
89,42,22,80,4,Attention keep message organization simple against law.
90,89,47,12,4,Per join environment hundred shoulder.
91,14,32,56,5,Shake wonder and wide her road issue within.
92,52,68,11,4,Magazine important one coach individual.
93,40,96,44,2,Stay group someone.
94,43,100,22,1,Cover Congress most as it civil.
95,66,82,15,5,True than world certainly.
96,66,25,100,3,Become idea enough firm.
97,45,94,83,2,More lawyer throughout without gas probably.
98,31,14,19,3,Process house agent buy range your.
99,26,23,78,2,Within any see couple high fire.
100,98,98,84,1,Season assume firm range yourself western collection body.
